{
  "hash": "6e301131",
  "configHash": "f38264bb",
  "lockfileHash": "0c3e2d6b",
  "browserHash": "918e7c72",
  "optimized": {
    "@angular/common": {
      "src": "../../../../../node_modules/@angular/common/fesm2022/common.mjs",
      "file": "@angular_common.js",
      "fileHash": "60454443",
      "needsInterop": false
    },
    "@angular/common/http": {
      "src": "../../../../../node_modules/@angular/common/fesm2022/http.mjs",
      "file": "@angular_common_http.js",
      "fileHash": "289f1e44",
      "needsInterop": false
    },
    "@angular/core": {
      "src": "../../../../../node_modules/@angular/core/fesm2022/core.mjs",
      "file": "@angular_core.js",
      "fileHash": "c548c301",
      "needsInterop": false
    },
    "@angular/forms": {
      "src": "../../../../../node_modules/@angular/forms/fesm2022/forms.mjs",
      "file": "@angular_forms.js",
      "fileHash": "251faece",
      "needsInterop": false
    },
    "@angular/material/dialog": {
      "src": "../../../../../node_modules/@angular/material/fesm2022/dialog.mjs",
      "file": "@angular_material_dialog.js",
      "fileHash": "d0f949ec",
      "needsInterop": false
    },
    "@angular/material/form-field": {
      "src": "../../../../../node_modules/@angular/material/fesm2022/form-field.mjs",
      "file": "@angular_material_form-field.js",
      "fileHash": "3f72529d",
      "needsInterop": false
    },
    "@angular/material/paginator": {
      "src": "../../../../../node_modules/@angular/material/fesm2022/paginator.mjs",
      "file": "@angular_material_paginator.js",
      "fileHash": "cb171061",
      "needsInterop": false
    },
    "@angular/platform-browser": {
      "src": "../../../../../node_modules/@angular/platform-browser/fesm2022/platform-browser.mjs",
      "file": "@angular_platform-browser.js",
      "fileHash": "949bbda5",
      "needsInterop": false
    },
    "@angular/platform-browser/animations": {
      "src": "../../../../../node_modules/@angular/platform-browser/fesm2022/animations.mjs",
      "file": "@angular_platform-browser_animations.js",
      "fileHash": "b58b8ac1",
      "needsInterop": false
    },
    "@angular/platform-browser/animations/async": {
      "src": "../../../../../node_modules/@angular/platform-browser/fesm2022/animations/async.mjs",
      "file": "@angular_platform-browser_animations_async.js",
      "fileHash": "704a9ddb",
      "needsInterop": false
    },
    "@angular/router": {
      "src": "../../../../../node_modules/@angular/router/fesm2022/router.mjs",
      "file": "@angular_router.js",
      "fileHash": "42205c90",
      "needsInterop": false
    },
    "@canvasjs/angular-charts": {
      "src": "../../../../../node_modules/@canvasjs/angular-charts/fesm2015/canvasjs-angular-charts.js",
      "file": "@canvasjs_angular-charts.js",
      "fileHash": "d1843a3f",
      "needsInterop": false
    },
    "@kolkov/angular-editor": {
      "src": "../../../../../node_modules/@kolkov/angular-editor/fesm2020/kolkov-angular-editor.mjs",
      "file": "@kolkov_angular-editor.js",
      "fileHash": "0e85c2a0",
      "needsInterop": false
    },
    "@ng-bootstrap/ng-bootstrap": {
      "src": "../../../../../node_modules/@ng-bootstrap/ng-bootstrap/fesm2022/ng-bootstrap.mjs",
      "file": "@ng-bootstrap_ng-bootstrap.js",
      "fileHash": "c9bdb47f",
      "needsInterop": false
    },
    "@swimlane/ngx-charts": {
      "src": "../../../../../node_modules/@swimlane/ngx-charts/fesm2020/swimlane-ngx-charts.mjs",
      "file": "@swimlane_ngx-charts.js",
      "fileHash": "e0d42684",
      "needsInterop": false
    },
    "html2canvas": {
      "src": "../../../../../node_modules/html2canvas/dist/html2canvas.esm.js",
      "file": "html2canvas.js",
      "fileHash": "27108f85",
      "needsInterop": false
    },
    "jspdf": {
      "src": "../../../../../node_modules/jspdf/dist/jspdf.es.min.js",
      "file": "jspdf.js",
      "fileHash": "91d4a34b",
      "needsInterop": false
    },
    "jspdf-autotable": {
      "src": "../../../../../node_modules/jspdf-autotable/dist/jspdf.plugin.autotable.js",
      "file": "jspdf-autotable.js",
      "fileHash": "113af8f8",
      "needsInterop": true
    },
    "ng-multiselect-dropdown": {
      "src": "../../../../../node_modules/ng-multiselect-dropdown/fesm2022/ng-multiselect-dropdown.mjs",
      "file": "ng-multiselect-dropdown.js",
      "fileHash": "a95a481f",
      "needsInterop": false
    },
    "ng2-charts": {
      "src": "../../../../../node_modules/ng2-charts/fesm2022/ng2-charts.mjs",
      "file": "ng2-charts.js",
      "fileHash": "99f6b93d",
      "needsInterop": false
    },
    "ngx-pagination": {
      "src": "../../../../../node_modules/ngx-pagination/fesm2020/ngx-pagination.mjs",
      "file": "ngx-pagination.js",
      "fileHash": "0f331c47",
      "needsInterop": false
    },
    "rxjs": {
      "src": "../../../../../node_modules/rxjs/dist/esm5/index.js",
      "file": "rxjs.js",
      "fileHash": "0d381bdb",
      "needsInterop": false
    },
    "xlsx": {
      "src": "../../../../../node_modules/xlsx/xlsx.mjs",
      "file": "xlsx.js",
      "fileHash": "37a0c25e",
      "needsInterop": false
    }
  },
  "chunks": {
    "purify.es-LCQWRMRN": {
      "file": "purify__es-LCQWRMRN.js"
    },
    "index.es-2V3CGBGD": {
      "file": "index__es-2V3CGBGD.js"
    },
    "browser-42EGX775": {
      "file": "browser-42EGX775.js"
    },
    "chunk-NMXWO6BU": {
      "file": "chunk-NMXWO6BU.js"
    },
    "chunk-MAN4NYY2": {
      "file": "chunk-MAN4NYY2.js"
    },
    "chunk-VPKLI7QV": {
      "file": "chunk-VPKLI7QV.js"
    },
    "chunk-7CIKSXVJ": {
      "file": "chunk-7CIKSXVJ.js"
    },
    "chunk-JUALV53I": {
      "file": "chunk-JUALV53I.js"
    },
    "chunk-R2D6FW6U": {
      "file": "chunk-R2D6FW6U.js"
    },
    "chunk-K5TDQ4SA": {
      "file": "chunk-K5TDQ4SA.js"
    },
    "chunk-25KOPM7F": {
      "file": "chunk-25KOPM7F.js"
    },
    "chunk-7VOZMVQC": {
      "file": "chunk-7VOZMVQC.js"
    },
    "chunk-P6DPXDYW": {
      "file": "chunk-P6DPXDYW.js"
    },
    "chunk-AKPBJINY": {
      "file": "chunk-AKPBJINY.js"
    },
    "chunk-QKGM7YT6": {
      "file": "chunk-QKGM7YT6.js"
    },
    "chunk-MLJKZ3YN": {
      "file": "chunk-MLJKZ3YN.js"
    },
    "chunk-JKR55PDT": {
      "file": "chunk-JKR55PDT.js"
    },
    "chunk-IEMOZLTW": {
      "file": "chunk-IEMOZLTW.js"
    }
  }
}